<?xml version="1.0"?>
<!DOCTYPE hibernate-mapping PUBLIC "-//Hibernate/Hibernate Mapping DTD//EN"
                                   "http://hibernate.sourceforge.net/hibernate-mapping-2.0.dtd">

<hibernate-mapping>

    <class name="com.apress.prospring.domain.Entry" table="Entries">
        <id name="entryId" type="int" unsaved-value="0" >
            <generator class="identity"/>
        </id>

		<property name="subject" type="string" not-null="true"/>
		<property name="body" type="string" not-null="true"/>
		<property name="postDate" type="timestamp" not-null="true"/>
        <set name="comments" table="Comments">
            <key column="Entry"/>
			<one-to-many class="com.apress.prospring.domain.Comment"/>
        </set>
		<set name="attachments" table="EntryAttachments">
			<key column="Entry"/>
			<many-to-many class="com.apress.prospring.domain.Attachment" column="Attachment" foreign-key="Attachment"/>
		</set>
    </class>

</hibernate-mapping>