<?xml version="1.0"?>
<!DOCTYPE hibernate-mapping PUBLIC "-//Hibernate/Hibernate Mapping DTD//EN"
                                   "http://hibernate.sourceforge.net/hibernate-mapping-2.0.dtd">

<hibernate-mapping>

    <class name="com.apress.prospring.domain.User" table="Users">
        <id name="userId" type="int" unsaved-value="0" >
            <generator class="identity"/>
        </id>

		<property name="username" type="string" not-null="true"/>
		<property name="password" type="string" not-null="true"/>
		<property name="email" type="string" not-null="true"/>
		<property name="type" type="int" not-null="true"/>
    </class>

</hibernate-mapping>