<?xml version="1.0" encoding="UTF-8"?>
<!DOCTYPE beans PUBLIC "-//SPRING//DTD BEAN//EN" "http://www.springframework.org/dtd/spring-beans.dtd">
<beans>
	<bean id="transactionManager" class="org.springframework.orm.hibernate.HibernateTransactionManager">
		<property name="sessionFactory"><ref local="sessionFactory"/></property>
	</bean>
	
	<bean id="sessionFactory" class="org.springframework.orm.hibernate.LocalSessionFactoryBean">
		<property name="dataSource"><ref bean="dataSource"/></property>
		<property name="mappingResources">
			<list>
				<value>Entry.hbm.xml</value>
				<value>Comment.hbm.xml</value>
				<value>User.hbm.xml</value>
				<value>Attachment.hbm.xml</value>
			</list>
		</property>
		<property name="hibernateProperties">
			<props>
				<prop key="hibernate.dialect">net.sf.hibernate.dialect.MySQLDialect</prop>
				<prop key="hibernate.max_fetch_depth">3</prop>
			</props>
		</property>
	</bean>
	
    <bean id="userDao" class="com.apress.prospring.data.hibernate.HibernateUserDao">
        <property name="sessionFactory"><ref local="sessionFactory"/></property>
    </bean>
    <bean id="entryDao" class="com.apress.prospring.data.hibernate.HibernateEntryDao">
        <property name="sessionFactory"><ref local="sessionFactory"/></property>
    </bean>
    <bean id="commentDao" class="com.apress.prospring.data.hibernate.HibernateCommentDao">
        <property name="sessionFactory"><ref local="sessionFactory"/></property>
    </bean>
    <bean id="auditDao" class="com.apress.prospring.data.hibernate.HibernateAuditDao">
        <property name="sessionFactory"><ref local="sessionFactory"/></property>
    </bean>
    <bean id="attachmentDao" class="com.apress.prospring.data.hibernate.HibernateAttachmentDao">
        <property name="sessionFactory"><ref local="sessionFactory"/></property>
    </bean>
</beans>
