<?xml version="1.0" encoding="UTF-8"?>
<!DOCTYPE beans PUBLIC "-//SPRING//DTD BEAN//EN" "http://www.springframework.org/dtd/spring-beans.dtd">

<beans>

	<bean id="dataSource" class="org.apache.commons.dbcp.BasicDataSource" destroy-method="close">
		<property name="driverClassName"><value>org.gjt.mm.mysql.Driver</value></property>
		<property name="url"><value>jdbc:mysql://localhost:3306/prospring</value></property>
		<property name="username"><value>root</value></property>
		<property name="password"><value>Gen0me64</value></property>
	</bean> 
    <bean id="transactionManager" class="org.springframework.jdbc.datasource.DataSourceTransactionManager">
        <property name="dataSource">
            <ref bean="dataSource"/>
        </property>
    </bean>
	
</beans>
 